data length,16384
frequency,0.050000000
amp,30.000000000
offset,0.000000000
phase,0.000000000







xpos,value
0.000000e+000,5.00000
5.000000e+000,10.00000
1.000000e+001,15.00000
1.500000e+001,10.00000
2.000000e+001,5.00000
